,ret_HS300,ret_ZZ500,ret_CYB,vol_20d,vol_60d,skew_60d,kurt_60d,max_dd_60d,northbound_5d,margin_chg_20d,m2_yoy,realized_vol_20d,turnover_chg,sent_momentum,size_style,growth_style,momentum_20d,momentum_60d,industry_dispersion,sector_rotation,vol_ratio_500_300,yield_slope,yield_10y,pmi_mfg,cpi_yoy,ppi_yoy
Test_State_0,0.0018043810904763732,0.0022927913003637584,0.004331781202445272,0.15865089405182092,0.16178018004348227,-2.2149295591119524,14.716013775950131,-0.026639103236195623,0.0,0.025613845402232577,8.266981132075466,0.16674655022168525,0.0649059681593806,-0.011859356891067716,0.0004884102098873851,0.002527400111968899,0.0010492100128150876,0.000536054376656231,0.009331813633964403,2.6226415094339637,0.9887422116567807,0.0035000943396226412,0.017237830188679238,49.621698113207586,0.0754716981132076,-3.119811320754722
Test_State_1,6.104667979904357e-05,0.0006423119343201254,0.0004424471560322729,0.13301673543729134,0.13849774254809227,-0.13604797365472038,0.9980147211147504,-0.028511114306035545,0.0,0.018413537480591845,8.152100840336134,0.14069175782605314,0.0224453936792376,-0.004148175234741347,0.0005812652545210819,0.00038140047623322934,0.00028808738278421727,0.0004843045393546518,0.010026004654569893,2.615966386554622,0.9851422724607998,0.004193710084033615,0.017753588235294104,49.60588235294109,0.25336134453781456,-3.2222689075630377
Test_State_5,0.003218731915727746,0.0037383753146609986,0.009750715144307106,0.13147500197807696,0.143664711821983,0.2173813513204761,0.8619049699349541,-0.018967128500353352,0.0,0.03612206767332985,7.900000000000001,0.13193383903052347,-0.011471080122803437,-0.006831673749527163,0.0005196433989332524,0.006531983228579359,0.0009415614280123998,0.0013412717954520562,0.009881892699177544,2.2666666666666666,1.0544656367716982,0.004630333333333333,0.017353666666666667,49.53333333333334,-0.13333333333333333,-3.1333333333333333
