,ret_HS300,ret_ZZ500,ret_CYB,vol_20d,vol_60d,skew_60d,kurt_60d,max_dd_60d,northbound_5d,margin_chg_20d,m2_yoy,realized_vol_20d,turnover_chg,sent_momentum,size_style,growth_style,momentum_20d,momentum_60d,industry_dispersion,sector_rotation,vol_ratio_500_300,yield_slope,yield_10y,pmi_mfg,cpi_yoy,ppi_yoy
Val_State_0,0.0012464322502611066,0.001609426233083934,0.0034130578595230536,0.15084070596010574,0.1611767654069838,-2.6567249680814,17.087226968298022,-0.029717929770178727,0.0,0.027401744452977776,8.222471910112352,0.15946792807484994,0.06863287933687007,-0.01152768272713534,0.00036299398282282745,0.0021666256092619466,0.0008963728448023487,0.0006178677213071187,0.009186991423263903,2.624719101123596,0.9825166766469157,0.003016146067415731,0.017143876404494374,49.49213483146069,0.01348314606741576,-3.0280898876404505
Val_State_1,0.00031615281912089556,0.0007732778268177319,0.0006624836902005597,0.13347529181751575,0.14198450144026561,-0.1285059659650739,0.9835906613666094,-0.02872375693243371,0.0,0.019964020049389138,7.885798816568046,0.14121991700715558,0.016028575634323753,-0.0062654899997048345,0.0004571250076968363,0.00034633087107966424,0.00046070383080713465,0.0006185072818978876,0.00930237221725997,2.382248520710059,0.9801171274371553,0.003736254437869823,0.017568603550295846,49.593491124260396,0.19349112426035484,-3.0680473372781147
Val_State_5,0.003218731915727746,0.0037383753146609986,0.009750715144307106,0.13147500197807696,0.143664711821983,0.2173813513204761,0.8619049699349541,-0.018967128500353352,0.0,0.03612206767332985,7.900000000000001,0.13193383903052347,-0.011471080122803437,-0.006831673749527163,0.0005196433989332524,0.006531983228579359,0.0009415614280123998,0.0013412717954520562,0.009881892699177544,2.2666666666666666,1.0544656367716982,0.004630333333333333,0.017353666666666667,49.53333333333334,-0.13333333333333333,-3.1333333333333333
