,to_0,to_1,to_2,to_3,to_4,to_5
from_0,0.9357752638297004,5.722702445313293e-185,0.016244151662225762,0.0,0.0,0.04798058450807378
from_1,0.0023106963558973434,0.9840190439033392,0.004618339507410848,2.711201746987072e-298,8.14954943720389e-211,0.009051920233352648
from_2,8.605444817296561e-11,1.0404670844608859e-69,0.9849332239412082,1.4747344701371244e-210,7.602187358722461e-241,0.015066775972737272
from_3,6.453848586795982e-46,0.0,0.0024329026910350523,0.997567097308965,0.0,2.0114768655224862e-97
from_4,0.04999999999903596,0.0,0.0,0.0,0.9500000000009641,0.0
from_5,0.015134726687722429,0.00986260754209459,0.0030244075329217447,0.0014249474179305987,0.0014249279551412483,0.9691283828641895
